{
    "col": {
        "functionType": "tanh",
        "p0": [
            0.41775853755116205,
            0.38885993117185685,
            5.927819939599642,
            -12.226626484634714
        ],
        "p5": [
            -2034.8292622268507,
            2035.8211493807303,
            -374.51950574431635,
            1.0954060324967323
        ]
    },
    "neu": {
        "functionType": "linear",
        "p0": [
            0.520423459716707,
            0.16240857922870047
        ],
        "p5": [
            -0.024905594460568725,
            0.16240857922870047
        ]
    },
    "def": {
        "functionType": "tanh",
        "p0": [
            -0.758528085488816,
            1.6847606181195163,
            -17.750026209405203,
            2.8440800059806155
        ],
        "p5": [
            0.35858468029712637,
            0.35123388183293935,
            9.467062786193383,
            -23.070030157020806
        ]
    }
}